,userName,score,at,content
0,Fernando Sihotang,3,2022-10-30 08:10:13,"Filmnya ga lengkap,masa ga ada film the lord of the rings yg baru rilis bulan kemaren. And lebih baik nonton lk21 di chrome gratis lengkap.Ada nyesel juga jadi langganan"
1,Ganda Ganda,5,2022-10-30 05:37:25,Bagus bgt aplikasi nyağŸ¤©ğŸ¤©
2,Indra Tri,5,2022-10-29 17:49:13,Beberapa subtitle pada film tidak memiliki background hitam jadi sulit untuk membaca subtitle saat di film Mohon tambahkan garis tepi (outline) pada subtitle agar lebih jelas Terimakasih
3,Ujung Ujung,1,2022-10-29 10:17:19,"Kyk mana masuknya bg dh masukan Imel tetap gak bisa.ktnya hampir selesy,dah ulang berapa kali tetap gk bisa masuk."
4,Rayi Na,1,2022-10-29 07:45:37,Kok gbisa login sih?!padahal sandi Ama email udah bener anj
5,Intan Berlin,1,2022-10-29 03:58:50,Ini giamna si udh di download udh bayar juga ttp aja ga bisa masuk gimana caranya biar bisa masuk
6,Ramadhan Faiz,1,2022-10-28 15:07:29,Tiap mau login knp mental balik lagi balik lagi gbisa masuk
7,ryzka Ika7,3,2022-10-28 12:12:04,Maaf sya kasi bintang 3..saya kira ini aplikasi gk berbayar..ternyata harus bayar dlu baru bisa masuk aplikasinya.. Saya cari yg ada gratisnya..
8,anggi rere,1,2022-10-28 10:23:01,Tidak bisa buka netflix pake indihome
9,Jafar Orlin,5,2022-10-28 09:17:09,"Saya sangat suka dengan penangan customer service nya , kejadian nya saya double langganan Netflix yang pertama melalui Telkomsel yang kedua melalui gopay , saya hubungi cs nya , dan langsung di refund saat itu juga"
10,Adelian Khotimah,1,2022-10-28 08:10:46,gabisa login duit gue abis 200 buat ini doang t4i
11,Seoulotus,5,2022-10-27 22:36:20,Netflix kalo bisa ada paket langganan setahun full dong. Soalnya kalo sebulan kadang kalo lagi gak mood nonton malah terbuang sia-sia aja langganannya. Gak semua orang mood terus buat nonton
12,Adi firansyah,1,2022-10-27 15:53:21,Bagus dan terbaik
13,Muhammad ghufron,1,2022-10-27 13:57:50,Subtitle nya putih kadang ga keliatan huuu ğŸ‘
14,Ahmad Qory,1,2022-10-27 10:50:41,"Rada kecewa karna film yg di cari ga ada, padahal di youtube udh keluar trailer nya. Dan rillis bulan Maret. Tapi ini saya cek ga ada."
15,fadhilul rocky,5,2022-10-27 05:17:40,"buat kalian yang punya masalah sama subtitle yang gaada shadownya, kalian bisa atur sendiri kok, caranya login akun Netflix di web trus pilih profil, disitu ada menu subtitle tinggal di nyalain aja shadow nya, close apl netflix tunggu beberapa jam nanti bakal ke apply sendiri shadow nya, yuk jangan jadi orang yang apa apa langsung down rate, minimal bisa problem solving sendiri."
16,Maulizaa Liza,1,2022-10-27 03:36:07,Knp netflix gabisa masuk padhal sudah saya daftr
17,ICIKIWIR FAMS,1,2022-10-27 02:11:30,"Gak bisa login, error' terus"
18,muhammad agung budiman,5,2022-10-26 17:43:51,subtitle tolong diperbaiki
19,Inne Nurfaida,5,2022-10-26 12:35:36,Sejauh ini entah kenapa yang paling nyaman buat nonton cuma netflix walaupun beberapa drakor pavorit belum masuk ke netflix
20,diva oktadila,5,2022-10-26 10:20:06,"Baguss,sangat bagus.jadi apk kesayangan dehh!!!!bisa buat nemenin kalo lagi nangis wkwkwk,apk nya juga bagusss.menurut saya untuk di beri bintang 1 kurang tepat jadi harus diber bintang 5!!!"
21,Rico Tude,4,2022-10-26 06:58:25,Boleh lah kasih background hitam pada subtitle asalkan background nya dibuat agak transparan gitu
22,Dion Gaming,1,2022-10-26 05:41:05,Gak jlas apk nya. Daftar aja ribertt. Masa bayar dlu baru bsa masukk Apk yg lain gak kaya gtu..mnding gw hpuss aja
23,dadang Rahmadi,4,2022-10-25 12:48:46,"Uninstall saya kira nonton nonton aja ternyata ber bayar, nanti nanti aja deh kalau tv android aku dah Dateng kerumah"
24,Afgan Vivo,1,2022-10-25 10:49:37,"Saya sudah coba untuk mendaftar tapi kok gk bisa terus, padahal sandi saya sudah benar tapi terus dibilangnya sandi salah. Tolong di perbaiki ya, nyesal saya download ini..."
25,JAMIL SYAHRIZAL,3,2022-10-25 09:33:20,Tolong sediakan untuk mengubah kualitas video
26,alfiansyah,2,2022-10-24 14:40:43,"Semua fitur sudah lengkap dan filmnya juga banyak, tetapi saya sangat tidak nyaman dengan warna subtitlenya yang putih karena sangat kontras dengan film yang kita nonton sehingga kita tidak bisa membaca subtitlenya. saya lebih suka model subtitle yang dulu, ada background hitam di belakang tulisan yang berwarna putih sehingga kita mudah melihat subnya. Terima kasih"
27,Abu Dhani,1,2022-10-24 14:35:23,Kntl subtitlenya warna putih cacad anj nyatuh sama warna flimnya kadang gabisa dibaca anjingg
28,Riezka maulidina,3,2022-10-24 12:19:07,Entah kenapa di mi tv sama hp saya netflix nya tidak bisağŸ¥²
29,Anak Padang,1,2022-10-24 11:44:30,"Langganan bulan pakai uang, kuota internet pakai uang juga. Saran: beli paket neflix' sekalian bonus kuota.. Biar tidak boros. Baru banyak peminatnya."
30,aldo aldi wahyunidewi,5,2022-10-24 11:06:39,Keren banget bisa nonton apa aja cocok SAMA gw
31,Fidel Sitorus,2,2022-10-24 10:04:40,"Mau masuk aja kenapa harus berlangganan sih, jadi susah nih. Udh berlangganan ehh, malah ada masalah jaringan gitu. Hmmm, tolong perbaiki lagi dong"
32,Irma Hirna,1,2022-10-24 08:42:56,"Aku kasih bintang 1 karna udah login berapa kalipun ga bisa kebuka, harus selalu daftar ulang"
33,bambang imut,2,2022-10-24 04:20:45,Ini beberapa film/drama bawaan netflix asli kok gak ada ya? Kyk hospital playlist pdhal mo nonton lagi. Pdhal udh update tp ttp gal ada
34,Destiny Girl,1,2022-10-23 23:40:37,Nggak bis adaftra atau login asu
35,Hendra Setiawan,1,2022-10-23 07:05:32,Susah sekali buat login payah
36,Muhammad Rimanu,2,2022-10-23 06:04:18,Padahal subtitle sudah diseting ada baground warna hitam tetap saja gak muncul malah semua ngeblur subtitle nya
37,Abdul Aziz,1,2022-10-23 02:35:05,"subtitle untuk anime mohon di perbaiki, subtitle warna putih tidak bisa dibaca, di setiap scene yg warna terang atau putih !"
38,SDY ALYN,1,2022-10-22 19:05:01,Aplikasi sangat tidak berguna
39,prayoga pratama,2,2022-10-22 15:32:25,"Ribet, masih bagus dan simple disney hotstar"
40,Rimadayana01 Rimadayana01,5,2022-10-21 23:09:59,Aplikasi sangat suka
41,Anand nurliyan,1,2022-10-21 21:30:31,"Sekarang Netflix suda tidak jelas, padahal saya suda berlaganan hampir 6 dan di minta di rubah paketan dan suda di rubah paketan nya tetapi sekarang suka eror bahkan kalo buka Netflix suka tidak bisa dan kalo bisa pun mau nonton Vidio online terjadi kesalahan terus dan mau pun itu Vidio yg suda di download selalu terjadi kesalahan, maupun itu suda di hapus dan di download ulang. Saya lapor di email tapi tidak bisa dan tidak ada respon, mohon respon nya pak/ibuğŸ™"
42,h a r t a n t i,5,2022-10-21 14:57:07,"Abis bebenah,anak tidur emang paling pas nonton netflix wkwk"
43,Nur Amalina Febriyati Rahajeng,4,2022-10-21 13:55:45,Netflix saya dibuka kok kembali ke beranda lagi
44,Depot Tirta,1,2022-10-21 10:21:58,Ga bisa masuk kenapa sih padahal akun dan sandi udh benar....selalu ada tulisan HAMPIR SELESAI.. Maksud nya apa ya????
45,Pasya boda,1,2022-10-21 09:22:23,"Saya kasih bintang satu karena,kenapa Netflix itu pake bayar sadangkan yang lain itu ga pake bayar, akun juga udah daftar aku tapi nggak ke masuk masuk ke apk nya, mohon maaf untuk apk ini tidak pake bayar lagiğŸ–•ğŸ–•ğŸ–•ğŸ–•ğŸ–•ğŸ–•ğŸ–•ğŸ–•ğŸ–•ğŸ–•ğŸ–•ğŸ–•ğŸ–•"
46,Dzul Arsyl Majid,1,2022-10-20 19:29:06,"LOL percuma bayar mahal tapi filmnya ga lengkap, pantes aja pada milih buat beli bajakan langganan netflix dari pada beli langganan di netflik langsung"
47,Nathan Tangkilisan,1,2022-10-20 16:24:52,Ga ada yg nonton tpi ada pemberitahuan banyak yg memakai akun..
48,Dian Novia Sartika,5,2022-10-20 10:30:13,"Bertahan bahkan diarea yg limit sinyal. Salute, resolusi tetap tajam, pilihan variatif, worth it."
49,Kokweng Gonzales,3,2022-10-20 05:53:02,Gambar jelas kebanyakan film lama
50,Clarissa Valeria,5,2022-10-20 02:30:43,Lebih update lagi untuk drakor terbaru yang on going. Karna banyak banget drakor on going tapi di netflix tidak ada. Utk keseluruhan semua nya bagus. ğŸ˜
51,Mugi Yono,1,2022-10-19 22:49:16,Susah msk sangat di sayangkan
52,Lia Psa,4,2022-10-19 12:48:46,ğ‘»ğ’ğ’ğ’ğ’ğ’ˆ ğ’…ğ’ğ’ğ’ˆ ğ’–ğ’ğ’•ğ’–ğ’Œ ğ’–ğ’ğ’…ğ’†ğ’“ğ’˜ğ’ğ’“ğ’ğ’… ğ’”ğ’‚ğ’ğ’‚ ğ’•ğ’‰ğ’† ğ’•ğ’˜ğ’Šğ’ğ’Šğ’ˆğ’‰ğ’• ğ’…ğ’Šğ’ğ’†ğ’ğ’ˆğ’Œğ’‚ğ’‘ğ’Š ğ’”ğ’†ğ’‚ğ’”ğ’ğ’ ğ’ğ’šğ’‚
53,El Nozie,1,2022-10-19 10:48:58,"Ribet suruh bayar dulu..lah mending pake viu ga mau beli paket premium tp masih bisa menikmati film yg gratis,,"
54,Muhammad Farhan,1,2022-10-19 08:56:18,udah daftar ngga bisa masuk
55,Robert Herman,5,2022-10-19 05:59:19,"agak mahal untuk berlangganan.. tapi layanan nya banyak variasi dan bagus, cocok untuk hiburan atau nonton bersama.."
56,Suvi Lucky,5,2022-10-19 02:10:17,Netflix mendukung film2 dengan resolusi yg sangat tinggi dan mendukung fitur2 Dolby vision serta kodel Lp1 yg membuat pengalamam menonton saya jauh lebih nikmattt
57,Pemean Teles,1,2022-10-19 01:21:09,"Pendaftaran udah mudah, tapi subtitlenya gabisa kebaca. Kacau dah"
58,mr. sandiago,1,2022-10-18 22:58:27,"Banyak film yang belum update, bintang akan saya ubah setelah seluruh film update"
59,Mahesa Mahes,2,2022-10-18 17:32:12,"Login lu Benerin, ga jelas gua gabisa masuk malah stuck, gajelas"
60,dedi prasetyo,1,2022-10-18 08:22:53,Filmnya bawaÂ² nama Tuhan. Itu gimana saya sangat kecewa dgn aplikasi ini Lain kali kalo buat fillm yg bnr
61,Ita Aja,3,2022-10-18 04:28:20,Lumayan bagus film barunya aja harus diperbanyak
62,Mr Day,3,2022-10-18 03:27:44,Apps bagus cm harga paket mahal dan kualitas gambar tdk sebening disney
63,Erick Theza Permadi,1,2022-10-17 17:35:00,Setelah pendaftaran dan sudah bayar baru 2 hari eror minta update dan pas di update ko login ulang dan suruh bayar lagi sih . Tolongpihak netflik gimana ini
64,Mnaufal Hisyam,1,2022-10-17 14:13:29,"Udah bayar mahal tapi gabisa masuk stuck di logo netflix mulu, hadeh rugi"
65,Maulida Vn10,3,2022-10-17 12:48:28,"waktu saya nonton film or series dan saya stop ditengah"" mau dilanjutkan nanti eh pas mau ngelanjutin selalu kembali keawal terus jadi lupa sebelumnya sampe mana nontonnya dan subtitle nya juga warna putih gk kelihatan klo backgroundnya juga putih"
66,Players Gaming,1,2022-10-17 10:39:59,"Font nya gak ada pilihan nya, cuman warna putih, pas nonton jadi gak nyaman kadang gak jelas, Rugi udah download."
67,Digi Cellular,5,2022-10-17 06:55:46,Tapi saya kok gk bisa masuk ya ... Padahal udh daftr pakek email
68,Dwi Mulyanto,5,2022-10-16 13:35:49,"Gambar HD, pilihan film banyak dan update"
69,Muhamad Pramana,5,2022-10-16 10:30:22,Subtitlenya mohon di beri border biar lebih nyaman dan jelas bacanya
70,Agoes Rachmat,3,2022-10-15 23:30:33,Tulong untuk tulisan sub nya dikasih latar hitam. Susah kebaca sub nya
71,alfiana trisnawati,1,2022-10-15 13:50:30,Mendadak videonya suka keluar sendiri
72,Hendra Gunawan,1,2022-10-15 12:50:04,Ini netflix dari td ngk bisa daftar ulang ..parahhhh tlg dong team netflix
73,Bawi Linggama,5,2022-10-15 12:11:54,"Sangat puas menggunakan Netflix, mulai dari series dan film original yang banyak dan menarik, sampai tampilan UI yang bagus dan gak ribet."
74,Azkhayri Toko,1,2022-10-15 11:58:41,"Jika berhenti berlangganan, lalu berlangganan lagi tidak bisa ganti paket, jenis pembayaran pun gak bisa diganti, menyebalkan"
75,Bobby Saputra,3,2022-10-15 08:05:22,Substitlenya itu loh coba d ganti warnanya
76,Zye,2,2022-10-15 06:08:47,"Film ny tidak lengkap, semua film yg saya ingin tonton 80% tidak ada, yg ada hanya film yg tidak jelas alurnya"
77,alfizar AL,5,2022-10-15 05:54:11,Kualitas gambar bagus cuma biaya langganan mahal
78,Fatchah Sakinah,5,2022-10-15 03:09:54,Yg kasih bintang 1 cuma langganan murahan di shopee Nyatanya ini aplikasi yg sangat menghibur
79,Desi Kristiyanti,4,2022-10-15 02:32:33,Kenapa aplikasi ini pakai mode atur otomatis pencahayaan HP yağŸ˜­ kalo lagi nonton di luar dengan cahaya terang layar jadi gelap.. apa cuma HPaku aja yg begituu?
80,Rani Apwani,1,2022-10-15 01:42:52,Sangat jelek saya susah masuk ke netflix
81,Sapni Sapni,5,2022-10-14 13:29:16,"Akhirnya bisa langganan netflix tidak perlu pakai mastercard,bisa gopay, dana, ovo"
82,Alesa Eca,3,2022-10-14 13:23:51,"Buat saya film bagus bagus tapi kenapa film yang saya cari tidak ada seperti ivana, pengabdi setan 2, jelangkung sandekala, dan dll tolong ditambah fitur bahasa Indonesia"
83,naswa fier,5,2022-10-14 12:06:55,"Suka, dan selalu suka dengan pilihan series dan filmnya. Kwalitas gambarnya jg bagus dan jernih."
84,vikry Gamers17,1,2022-10-14 11:47:19,"Apk gajelas , udh daftar lewat email berulang"" kali masih jga gabisa masuk , pemberitahuan (HAMPIR SELESAI) trus aja bgitu ."
85,Fian Kusuma,1,2022-10-14 11:41:24,"Agak kecewa, tayangan episode beberapa tudak ada"
86,Kadal Ganjen,1,2022-10-14 11:36:44,Login gagal terus ganti sandi terjadi kesalahan terus...
87,faridah silaban,1,2022-10-14 07:38:25,"filmnya rata2 film ga laku. yg lagi booming ditempat lain,di netflix malah ga ada. spt big mouth, my girls friend alien,gaus electeronik dll. jd malas nerusin langganan krn ujung2nya download apk lain buat nonton"
88,Syam Dinda,3,2022-10-13 23:47:08,"Selamat pagi Semalam saya liat promo Netflix di IG, lalu saya transfer sejumlah uang, tp kenapa msih belum bisa nonton ya?? Dan setelah itu saya cari lg promo tersebut, tdak ketemu lg, soalnya di situ tertulis promo hanya ""hari ini"" (kemarin 13 october 2022) Saya sdah bls email dan dm di IG tp belum ada respon"
89,Silviana_ putri,2,2022-10-13 13:30:09,Hai developer Saya ingin langganan Netflix tapi kenapa saat sudah pada tahap akhir proses nya lama sekali? Alias lemot banget. Padahal udah pengen cepet-cepet nonton ?
90,Ririn Widiya,1,2022-10-13 10:34:47,"Netflixx berbayar tp animenya tidak update huuffttt mohon tingkatkan lagi,masa keduluan ama facebook yg gartis"
91,shintia carolina,1,2022-10-13 10:24:33,"Parah ni apk Dah jelas"" pasword gmail gw bener tpi dibilang salah.. Dasar apk gila.. Gw delet ja drpd gw ikutan gila"
92,jagat satria dinata,1,2022-10-13 07:47:15,"kang tutor masuknya dong aku gak bisa masuk padahal udah daftar pas gitu lama banget mau masuk ada tulisan ""hampir selesai"" padahal lama udah 1 jam masih gitu mulu hadi ku kasih bintang 1"
93,Ayu Ayu,1,2022-10-12 21:36:24,Udh Ddftarin malah ttep g bsa masuk
94,I gede Atmaja,1,2022-10-12 15:00:24,Aplikasi lagi coba semoga bagus dapat dipakai
95,emil rachmi,3,2022-10-12 14:16:20,Abis update kok malah ga bisa di buka lg sih aplikasinya...what hepen ayak naonnn netflixğŸ˜¢
96,el hadiid,1,2022-10-12 13:34:45,Tidak bisa dibuka aplikasinya
97,Muhammad Farhan,4,2022-10-12 13:33:01,Tapi kurang lengkap film nya Tolong di lengkap kan lahğŸ™ğŸ™ğŸ™
98,Amanda Maharani,2,2022-10-12 13:24:00,"Sangat buruk, banyak sekali filem yang tidak ada sub indonesianya!!"
99,Mohammad Lutfi Zulfikri,2,2022-10-12 10:23:59,Subtitle tidak terlihat jika latar belakangnya putih
100,sriyani viranata,5,2022-10-12 09:51:01,"3 paket aon ada netflix, ijin tanya netflix ada serigala terakhir season 2 gak? Sama pertaruhan?"
101,Ihwan Nh,1,2022-10-12 07:48:36,Kalian yg gak punya duit model saya. Jangan download apk ini. Percuma!
102,tya astria,5,2022-10-11 18:22:03,Awalnya coba2 ajja langganan 1 bulan... eh jdi ketagihan dech skrng
103,Susanto Alang,1,2022-10-11 17:29:38,Saya sudah lama berhenti berlangganan tapi tiba-tiba ada notifikasi pengambilan dana oleh netflix
104,VEPY Citra novita,1,2022-10-11 14:38:01,Aplikasi nya jelek sekali masa ngak bisa masuk kan sudah login
105,yesi gusmaini,1,2022-10-11 13:20:28,"Netflixnya g bs d akses dari vivo v21, tiba2 banget 3hari belakangan ini"
106,Vaxaro_nothing,3,2022-10-11 09:25:58,subtitlenya tolong supaya bisa dikasih shadowlah biar bisa kebaja atau bikin fitur setting subtitile
107,Meyfia Lesya,3,2022-10-11 08:21:47,Sayang sekali netflix diindonesia dibedakan dgn di west country akhirnya beberapa movie ga bisa di tonton. Yg asia kebanyakan korea
108,Khusni My sarina,1,2022-10-11 07:57:34,Kirain nonton gratis ternyata harus bayar dulu gk jadi download sih Ribet juga daftar nyağŸ˜
109,Dian Tyara,5,2022-10-11 07:13:06,Bagus keren dan luar biasa!
110,Yannas Muhdar,1,2022-10-10 23:13:11,"Kurang bagus, soalnya harus langganan dulu baru boleh masuk"
111,Moon Light,3,2022-10-10 21:21:13,"Appnya bagus sih banyak film-film ada gamenya... tapi subtitlenya ğŸ˜­ kalo nonton film horror mungkin 100% bisa keliatan tapi kalo nonton yang lain tidak bisa di liat apa lagi waktu scene awan-awan, scene yang terang-terang subtitlenya auto invisible mode ğŸ˜… di kasih pengaturan untuk subtitlenya kek kalo netflix yang di inggris ada pengaturannya masa yang indo tidak ada"
112,Andi Mustofa,1,2022-10-10 13:38:20,"metode pembayaran apapun semua nggak bisa digunakan, notifikasinya selalu terjadi kesalahan"
113,Ulli Nuha,3,2022-10-10 13:14:29,"Koleksi filmnya gak lengkap,,,the Conjuring tidak ada,,, koleksi film Bollywoodnya juga sedikit,,, perbanyak lagi koleksinya"
114,Jae Jae,1,2022-10-10 05:47:10,Udah capek-capek download tapi gak bisa masuk assuuuu
115,Susilowati Sanjaya,1,2022-10-10 03:42:42,"Jangan tautkan Netflix ke dana atau pembayaran otomatis manapun, saldo sy tersedot di dana pdhal sy tdk melakukan transaksi pembayaran Netflix!! Jgn di download!!!"
116,Tony Tang,5,2022-10-10 02:29:42,"mantap Netflix.Semoga film,drama sama animenya dilengkapin lagi ya biar makin bagus kedepannya"
117,incess than,1,2022-10-09 11:22:21,"Ribet pembayarannya..aku awalnya pake gopay,,trus aku ubah pembayaran pake telkomsel,,eh waktu mau pakai gopay lagi gak bisa,katanya karna pernah ubah metode pembayaran dan di suruh pake akun gopay yang lainnya...kan sama2 bayarğŸ¤£ğŸ˜‚kocaaak emangğŸ˜‚ğŸ¤£ ribet seribet2nya"
118,Given Gracillys Haslim 7C,5,2022-10-08 23:40:02,"Netflix bagus baget .cuma pada masalahin "" gak ada film ini lho...."""
119,niko afit,1,2022-10-08 17:07:53,Bisa baik dikit gak sih masak pemgguna baru langsung di suruh langganan sama gak bisa nonton lagi
120,Ibnu M Antoni,5,2022-10-08 11:18:20,"yang kasih rate 1 siapa? dan kenapa ya? padahal ini bagus banget sambungin ketv, dan tanpa ada masalah sedikit pun"
121,CATHRIEN Nauli,5,2022-10-08 04:47:13,"Bagus bet nih, gk ada iklan."
122,Muhammad Intan Raja,2,2022-10-08 00:24:10,"Kecewa setelah di update harus mulai lg keanggotaan, padahal udh download banyak"
123,rudi diyo,1,2022-10-07 15:31:39,ini gimna cara masuknya hampir berhasil teruss padahal udah masukin gmail ikutin semua petunjuk tetep aja gak masuk masukk
124,Heru Prasetyo,4,2022-10-07 14:26:06,Agak ribet untuk rubah settingan warna subtitle. Tolong dibuatkan menu yg lebih gampang baru kasih bintang 5
125,ayu tunjung,1,2022-10-07 14:02:28,ngelag dari sore ampe malem udah pake wifi udah ganti sellular data.. tetep aja down
126,Agatta Destiani,5,2022-10-07 13:54:34,"Baguss banget semua drama, flm tuh lengkap semuaa, oiya tolong yaa Drama Jepang nya atau flm nya ditambahkan lagi, saya pengen nonton drama Toru Nakamura, tapi disitu hanya muncul 1 drama aja, tolong di perbarui lagi ya Versi Jepang nya biar lebih banyak ğŸ™ğŸ‡¯ğŸ‡µ semangat ğŸ”›ğŸ”¥"
127,Odink SNDA,2,2022-10-06 12:53:41,Aplikasi netflik bawaan hp yang berlokasi di daerah timur tengah menggunankan bahasa arab dan untuk dan saya berulang kali mencari untuk mengganti bahasa tidak menemukan tolong diperbaiki karna ridak semua bisa tulisan arab
128,Salsa Billa,1,2022-10-06 11:06:35,Udah langganan tpi gabisa dibuka Kan percuma
129,Sholeh Saputra,1,2022-10-05 14:44:53,"kenapa filmnya ga lengkap, seperti no body, expendables aja yang pertama ga ada"
130,Hadrianus Rosmawardi Dian Lestari,5,2022-10-05 12:32:53,"Filmnya banyak yang update. Jadi tambah seru aja kalo mw nonton, banyak banget pilihannya ğŸ‘ğŸ˜„"
131,Darin Fadhilah,5,2022-10-05 07:09:52,"Dear Netflix, please tambahin fitur perbesar dan kecilin subtitle. Biar lebih ramah ke mata yang sudah mulai tua ini seperti aplikasi tetangga. Biar bisa nonton di hp lagi. Sekarang cuman bisa di TV. Terima kasih!"
132,kurniaone 610,1,2022-10-04 14:56:26,"Aplikasi tidak bisa di buka, sudah isi email dan sandi malah menungu dan menunggu, sampai sekarang tidak bisa di buka aplikasinya, apakah ini aplikasi SAMPAH ??"
133,rachman halim,1,2022-10-04 13:57:08,Udh g bisa di akses lagi Tiap login gagal terus
134,Mas Diya,4,2022-10-04 12:30:15,"Koleksinya memang bagus, tapi nonton film di sini harus hati2 karena belakangan ini banyak sekali film yg adegan2-nya secara tidak langsung mengkampanyekan LGBT, yg seperti itu jmlnya di netflix jauh lebih banyak dibanding film di penyedia layanan lainnya."
135,fajar setiawan,3,2022-10-04 11:10:47,"Harusnya ada pengaturan ""Subtitle Appreance"" di Indonesia, kurang baik."
136,Meyke Yusuf,1,2022-10-04 07:22:16,Ini aplikasi apaan sih...sudah daftar..sudah update tetap gk bisa di buka aplikasinya buat di pake nonton..di hapus aja..ğŸ‘ğŸ‘ğŸ‘ğŸ‘
137,Ika Mahayana (Gajah),5,2022-10-04 07:18:45,"Tidak dapat sign in lagi setelah log out. Tidak berjalan aplikasinya. Saya sudah instal ulang di HP, akan tetapi di smart TV tetap bisa hanya sering berhenti. Situs juga tidak bisa dibuka."
138,Ami' Mience,2,2022-10-04 03:54:38,Ini kenapa gak bisa dibuka sih aplikasinya ğŸ˜¡ğŸ˜¡ğŸ˜¡
139,eric ismadani,1,2022-10-03 14:54:27,"Padahal Subs sama bahasa nya udah gue buat bahasa Indonesia, tapi tetap aja pas mutar film ada yang bahasa Jepang, china, thailand, malah ada yang bahasa Spanyol. Udah aplikasi nya bayar, engga bagus lagi."
140,bedjo,5,2022-10-03 14:19:02,bayar mah ogah ah mending uninstal. duit mah beliin beras aja sama bensin. wkwkwk. tapi tetap saya kasih bintang lima. terimakasih
141,Rendy Setiawan,1,2022-10-03 02:00:34,Tolong untuk pihak Netflix: ketika ingin melakukan penagihan.. jangan lakukan 2 kali dalam 1 hari.. jika begini trus saldo di rekening saya bisa habis.. terima kasih
142,amirah marsa,1,2022-10-02 14:35:25,"Td saya buka error trs, trs Saya coba uninstall dan saya instal lg malah gk bisa, gmn nih netflix paketan sy baru beli."
143,dewi asri,5,2022-10-02 12:07:23,"Bagus dan lancar aja, bingung kenapa banyak yang kasih bintang 1, mungkin emg perangkat dan sinyal nya aja kali bermasalah bukan dari netflix nya ğŸ˜‚ğŸ˜‚ğŸ˜‚"
144,J B,5,2022-10-02 09:10:28,"Puas bgt . Gambar bagus . Subtitle oke . Saran : -Masukkan harry potter series di Netflix Malaysia -Pastikan semua film ada sub Indonesia. Kadang ada film yg tidak ada sub indo , kayak film Mandarin n Thailand"
145,Abd Rahman,2,2022-10-01 17:56:05,Knp GK bisa login padahal udah masukin email. In gmn
146,Duo Raza,1,2022-10-01 16:17:01,Gak ada ya metode pembayaran pake pulsa hp ? Repot banget harus punya credit card segala mcm. Mana saya bukan pengguna dompet online lagi.
147,da bayu,4,2022-10-01 13:04:39,"Untuk next update nya, tolong untuk fitur rubah warna subtitle nya diperbaiki lagi, karena di film anime, fiturnya tidak berfungsi."
148,Ikhwan Wahyudi,5,2022-10-01 08:18:37,"Luar biasa kualitas suara dan gambarnya, memuaskan"
149,Maurits Mpg,1,2022-10-01 06:46:00,Koneksinya lambat
150,Amir Agro,1,2022-10-01 02:52:52,"Tidak suka dengan aplikasinya karena mengharuskan berlangganan, tidak gratis"
151,Supri Anto,1,2022-10-01 01:28:23,ğŸ‘ğŸ‘ğŸ‘ğŸ‘ aplikasi ini ngk bagus ngk bisa di buka.
152,Rahadian Rahman,1,2022-09-30 23:05:28,Kenapa ngk bisa di pakai di wifi dan semua acount tiba2 ngk bisa di buka
153,Nuh Agung,3,2022-09-30 10:10:42,Filmnya bagus tapi subtitle nya tolong benerin
154,Eko Prasetyo,1,2022-09-29 17:53:47,"Kenapa ada film yg macet2, serasa nonton kaset vcd aja. Film yg macet2 pas ditonton ""The Outsider"", padahal tulisannya film original netflix."
155,aldhira nadhir,4,2022-09-29 16:14:38,Suka banget. Hanya saja akun saya tiba2 sprti sdh jatuh tempo padahal msih 10 hari lagi. Disruh ubah metode pembayaran udh di ubah tpi ga bisa2 sampe bingung. Akhirnya pake akun suamiğŸ˜¥
156,Aulia Kusuma,4,2022-09-29 15:21:08,Apakah tidak ada fitur mengubah warna atau memberi line pada subtittle? Sangat merepotkan saat warnanya nyaru dengan videonya.
157,Jon Kondor,2,2022-09-29 15:01:04,"Resolusi video kadang bagus, namun lebih sering buram. Dan itu amat sangat buruk sekali. Tolong diperbaiki !"
158,fery panjaitan,5,2022-09-29 13:38:12,"Tolong diperbaiki subtitle warna sisi luar nya kalau bisa ada warna hitamnya, kalo putih semua sulit kebaca"
159,fauzi samosir,1,2022-09-29 13:02:04,"saya uninstal, gak seruh banyak penipuan"
160,Doni Yuki,1,2022-09-29 10:26:31,"Subtitle indonesia nya benerin woy gblok, gimana mau nonton tulisan ga keliatan jelas gitu"
161,Agin 023,5,2022-09-28 23:08:46,B5 itu penting maka dari itu film BORUTO:NARUTO NEXT GENERATION tayang kan kembali
162,Muhammad Noor Ifansyah (iF4N B4Nj4r),2,2022-09-28 16:29:47,"Kenapa sekarang kualitas netflix menurun, saya beli paket premium 186rb tp tidak bisa nonton lebih dari 1 perangkat, padahal utk premium bisa lebih dari 1 perangkat"
163,Loe Teddy Oliver,1,2022-09-28 07:56:57,"Saya sudah selesai pembayaran dan login pass, email bener semua. Kok tulisannya salah terus ??? Dan ditulis pembayaran lagi ?? Serius deh mending nonton film bajakan dr pada mempersulit seperti ini"
164,Melvin Tantino,5,2022-09-27 23:51:13,Aplikasinya bagus filmnya lengkap dan kualitas HD Saya meminta semua Audio di semua film itu ada subtitle Indonesia
165,Devita Project,1,2022-09-27 15:49:37,Gagal perpanjang langganan karena saldo tidak cukup. Malah minus 5000 dicoba sampe gagal 7 kali. Saya udah kehilangan saldo 35rb. Ini Netflix gimana sih. KECEWA BERAT
166,Milkyzalxs,4,2022-09-27 12:35:56,"Good banget sih!! but, disini kekurangan nya subtitle nya gak bisa di edit gitu disesuaikan fontnya, sm ukuran besarnya yng sedang keliatan agak kecil, yng besar kebesaran.. dan btw klo bisa film"" yng cuma tayang di Netflix US, seperti : The Conjuring, Annabelle. Tolong tayangin ke Netflix indonesia jugağŸ™ğŸ»"
167,Arya_Y0 7,5,2022-09-27 12:10:09,"Mantab sih, tapi sayang nya aja flim nya kurang lengkap :("
168,Wilbert Ganteng,1,2022-09-27 11:30:55,Aplikasi gk jelas udah masukin gmail dan sandi malah gabisa masuk
169,tika ipeh,5,2022-09-27 09:24:10,Nemu film nya Inuyasha full sub indo juga ....
170,johan kifffli,1,2022-09-27 08:36:29,"Apk kurang ajar, penipu ulung, daftar udah bayar udah, di buka gak pernah bisa, eror eror eror , ada org neflix depan saya langsung saya ludahin ,,"
171,wiedwie 567,1,2022-09-25 14:05:59,Banyak para pelanggan netflik yAng kecewa dari segi ulasan.. oke fine tidak jadi berlanggan...
172,Andin Chills,1,2022-09-25 11:59:58,"Mhon maaf saya kasih nilai satu karena Tidak bisa login padahal sandi dan email saya sudah benar, sampe saya belain ganti sandi tapi tetep sandi salah"
173,Riandra Satya Dhiaulhaq,3,2022-09-25 11:34:57,Film nya gak update film tidak lengkap mungkin kedepan nya lebih banyak film nya
174,Petrus Evan,5,2022-09-25 08:55:03,Sangat bagus karena film-filmnya bagus semua NihğŸ‘ğŸ‘ğŸ‘ğŸ‘ğŸ‘
175,BONVA CITY,5,2022-09-24 20:10:41,Pengalaman Saya Menonton dengan paket Smart phone juga cukup & Sangat terjangkau serta Resolusi video Netflix seperti menggunakan bravia Enggine ğŸ‘â­ â­ â­ â­ â­
176,fajar ramadhani,1,2022-09-24 19:24:35,"Saya kecewa nonton 2 HP sekarang tidak bisa, nonton 1 HP ttp tidak bisa pdhal bayar kdang gamuncul gambar judul judul film pas mau ditonton loading lama bngt ujung ujung nya gajadi nonton"
177,IQBAL FAKHRIYANTO,2,2022-09-24 12:44:28,Subtitle tidak terlihat di background yang terang dan putih
178,Hengky Kurniawan,3,2022-09-24 00:31:05,"Setiap perpanjangan, pembayarannya sulit, hanya bisa debet dan kartu kredit, dan selalu berubah-ubah cara pembayaran perpanjangan anggota"
179,Wilda Octaviany,4,2022-09-23 13:34:48,"Sejauh ini Filmnya keren kerenn tapi ada 1 yg disayangkan, klo lagi nonton kadang videonya ngepause tapi audionya ttp jalan dan mesti nunggu bbrpa detik.. Yaaa walopun menunggu itu membosankan Yg lainnya menurutku lancar"" jaa ğŸ˜‰"
180,Fauzi,5,2022-09-23 08:38:54,"Tolong teks terjemahannya diperbaiki agar terlihat jika latar belakang cahaya filmnya terang, terima kasih."
181,Rengganis Mustika wijaya,1,2022-09-22 12:16:23,Tidak bisa di buka kenapa toh? Udah gak berfungsi emang ini apk? Padahal mau nonton little woman di Netflix. Mending nonton yg bajakannya aja deh daripada di aplikasi ribet.
182,Rananda Rananda,1,2022-09-22 11:39:41,"Apk gak guna,gak jelas,gak usah bikin apk lah ya dek dek"
183,Afid Ferdiyan,3,2022-09-21 19:29:03,"Setelah update malah ga bisa masuk via smartphone, muncul error -1014, padahal di android tv lancar."
184,Yogi Lesmana,1,2022-09-21 19:07:06,buat apa bisa di download kalo habis subs gabisa diplay yg hasil downloadannya?
185,Julien Venchy,1,2022-09-21 15:50:36,Aplikasinya parah lgin email sad udah bener malah salah Mulu parah
186,Dicky Hari frawira,1,2022-09-21 14:41:15,Tolol ketimbang buat akun aja susah nya minta ampun mendingan Bstation sekali masuk langsung bisa nonton gak perlu login gak kayak Netflix susahnya kayak nyari sehelai uban yang jatoh di tumpukan tepung
187,jin nisme,3,2022-09-21 05:58:01,Kenapa ketika saya buka film error mulu? Apakah ada bug?
188,Cs Kazia4,2,2022-09-20 15:10:27,Ada iklan mulu ganggu
189,Egi Acincay,5,2022-09-20 13:17:09,Tempat streaming terbaik tpi agak sedikit mahal bagi saya ya
190,Tatia Mey,1,2022-09-20 12:24:59,Bingung udh daftar cm bolak balik ke awal lg
191,Ardhanz By The Way,5,2022-09-20 07:34:26,"tolong di update lagi aplikasinya, saya udah langganan Ultra Super HD tapi waktu saya play vidionya malahan gak HD, bukan gak HD warna di hp saya seperti ketiban warna putih jadi kesan warnanya seperti hitam putih, saya putar balik hp saya pas waktu putar vidionya hd, pas waktu dimiringkan gambarnya ketiban warna putih, device poco X3 gt"
192,Fun Girl,1,2022-09-20 02:33:39,"Pengalaman yang mengecewakan, banyak film-film dan tv series yang dihapus, subtitle nya juga masih sering ada bug, langganan saya dengan Netflix sangat tidak memuaskan, saya berharap pihak Netflix dapat segera memperbaikinya secepat mungkin."
193,Agnes Tika,3,2022-09-19 16:23:59,Ka kenapa ya sk black sreen kl pk screen mirroring? Kdg bs tp sering black screen pdhl ud di instal..update ios..colok mati tv..restart hp..dll ud semua deh .ttep gbs ğŸ˜­ tp kl ntn youtube bs
194,Nuni aryanti Aryanti,1,2022-09-19 01:37:16,Buruk sekali udah pake hp 5 tetap tidak bisa di buka
195,Me Ru,1,2022-09-18 22:40:22,Skrg ko gabisa buat download film si padahal dulu bisa
196,Adit Muhammad,1,2022-09-18 15:40:14,"Rugi download,, rugi jadi member,, sudah mahal,, tidak lengkap lagi acaranya"
197,pas indra,4,2022-09-18 12:01:50,Keluhan saya hanya pada film yang di tawarkan kurang banyak. Banyak film yang saya cari tidak ada di netflix
198,Ichan Raharjo,1,2022-09-17 22:04:13,"Udah mulai berhenti langganan, filmnya masih bagusan DisneyHotstar lebih update yg baru tayang di bioskop sudah ada, di Netflix tidak ada film terbaru... Woi kenapa masih di potong kan sudah berhenti berlangganan, maksa banget lu..."
199,Virghikal Birru U.P,3,2022-09-17 18:52:42,"tolong subtitle nya dikasih background donk, kalo full putih sering gak kebaca"
200,Adang,5,2022-09-17 13:32:26,Tidak bisa di buka di aplikasi saya padahal udah daftar saldo gopay udah terptong
201,Rimonaliu_67,5,2022-09-17 11:42:30,"ğŸ˜’ Keterlaluan sih yg ngasih â˜† 1 hanya karena masalah subtitle ga jelas cuma warna putih, padahal kan bisa diubah di pengaturan sub. ğŸ¤© Sejauh ini suka banget sih ama Netflix. Acara TV dan film-filmnya seru, baik itu dari Netflix atau bukan. Saran aja sih, Netflix masukin daftar film dan acara TV yg akan berhenti tayang di Netflix. Sayangnya, katanya Netflix bakal ada iklannya bulan 11 tahun ini, dan katanya nanti episode tiap series bakal ga di masukin sekaligus. ğŸ˜•"
202,Arief Noegroho,1,2022-09-16 16:07:58,"Udah download app, dan login nya makin ribet...."
203,adit sagio,5,2022-09-16 15:11:14,"Untuk yg gak tau cara ubah warna Subtitle nya bisa cek di youtube,,"
204,Rohmah Agung,3,2022-09-16 08:13:03,Kenapa sekarang film nya gk ada yg smpe tamat semua ya kabanyakan ngegantung cerita nya
205,Salma Aulia,2,2022-09-16 04:43:21,"Subtitle nya plis, nyusahin banget. Jadi gak bisa ke baca gara gara wana putih"
206,Yovitha Dian APR,3,2022-09-16 02:19:20,Saya sudah download tpi berkali2 ttap tidak bisa masuk ke aplikasi.
207,Marlina Shakila,1,2022-09-15 23:58:16,Sering gangguan tdk bisa login Selalau bermasalah Saat nonton sering log out dngan sendirinya Kacau sih..... Saat hub call center jg tdk ada solusi
208,eggball,1,2022-09-15 19:38:11,"gk ada setting subtitle, scene terang subtitle gk kebaca."
209,Muhamad Fajar,3,2022-09-15 12:06:16,"Request Pertaruhan series dong, saya udh berlangganan buat nonton itu, ternyata cuma movienya nya doang, seriesnya kemana? ğŸ˜­ğŸ˜­"
210,Andi Fa,1,2022-09-15 07:09:04,"Ehh..knp yah setiap kali nonton katanya akun d gunakan banyak oran, pada hal yg gunakan saya sendiri, gimana sihh.. Ato ini salah satu strategi buat upgrad paketannya ğŸ¤£ğŸ¤£"
211,Fahmi Fadilah,1,2022-09-14 14:48:23,Kenapa saya sudah bayar ko gak bisa dibuka gabisa masuk netflix nya
212,K . A . P,5,2022-09-14 14:39:16,"Sudah bgs ni aplikasi cuman di kurangin aja harganya. Trs di setting seperti harga per tahun, per bulan jadi lebih enak. Update lagi ya"
213,Fatir Azura,1,2022-09-14 14:14:35,Knp sangat susah sekali untuk login ke Netflix
214,Egidia Mole,1,2022-09-14 14:10:45,Sdh bayar utk prpanjangn VIP entah kenapa masih saja kluar ke menu utama tiap kali putar video dan masih mncul iklannya. Kyaknya terakhir bulan in jdi lngganan VIP stelah itu UNINSTAL. Males udah mau smggu tdk ad prubahan sdh instal uninstal msih saja.
215,yulihatini bpjs,5,2022-09-14 13:40:31,Subtitle tolong warny diganti biar kelihatan pas warna terang
216,Dede Dyah Avry,3,2022-09-14 10:45:11,"Tolong dong banyakin film warkop dki nya, masa udh bayar tapi film gak lengkap"
217,Mega Wati,1,2022-09-14 04:58:12,"Gak bisa di buka guy, padahal sebelumnya bisa kenapaaaaaaa"
218,gayuh shakespeare,1,2022-09-14 04:23:50,"Klo bisa ditambahin menu edit subtitle, gajelas soalnya"
219,Tio,1,2022-09-14 04:08:32,"uninstall sudah, masa paketnya ga bertahan 1 bulan yang ada hanya 11 hari saja, ga direkomendasikan untuk install yang ada rugi, beli paketnya ga sampai sebulan dasar aplikasi penipu"
220,Salsa Nabilla,1,2022-09-14 00:43:41,subtitle nya mohon diperbaiki lagi. masa font nya cuma warna putih gitu.. jadinya pas scene nya terang subtitle nya ga keliatan
221,limi sama,4,2022-09-13 17:03:58,"Tolong di perbaiki untuk subtitle nya jangan warna putih terus , sesuai kan dengan film nya dong. Soalnya kalau di tempat yang putih teks subtitle nya tidak kelihatan sulit di baca."
222,azizah filya,5,2022-09-13 16:21:24,"buat yang komen tentang subtitle yang ga keliatan apalah itu, kalian main nya kurang jauh guysss itu ada caranya buat ubah style font, shadow, warna, dll yang kalian mau, kalo gatau caranya liat tutor youtube. sekian terimakasih"
223,ghiralfikri Yusup,1,2022-09-13 16:06:33,Netflix kon gw udah daftar pake akun google tapi email salah mulu semoga Netflix mu ga laku lagi
224,Aliya Nurhidayah,1,2022-09-13 13:59:48,"Berlangganan paket 120rb karna baru nyoba Taunya gak bisa nonton di tv,buka layar utama muncul gambar tapi pas putar film gelap/tidak ada gambar hanya ada suara. Tapi pas sya matiin miracast nya bisa nonton nya cuma di hp ternyata. Coba buka lk2* ya normal2 aja ga ada masalah bisa nnton film"
225,Dina Novita,1,2022-09-13 03:35:28,Tidak bisa digunakan padahal sudah daftar
226,Tara Kiaini,1,2022-09-12 13:48:52,"Haha udah semngat 45 download neflix tahan ambil paket 24 gb untuk nonton, gaktauhnya bayarrrğŸ˜† uninstal dongg. Yuk gais viu ajaa recomend"
227,Acep Supri,1,2022-09-12 11:38:09,"Subtitle nya jangan warna putih dong -_-"", trus kenapa ga bisa di nonton lebih dari 1 gadget, padahal ambil yang 4 device"
228,Lestari Lestari,1,2022-09-12 07:31:31,Susah banget masuk ke netflix nya susah daptar nya
229,Muhamad Ali,5,2022-09-12 01:08:05,Kenapa yg lain komplain tapi gua lancar2 ajah ya
230,Anang Diananto,1,2022-09-11 22:28:39,"Layar hitam , loading terus klu pakai tv Andoid dan pakai wifi telkom , engak tahu kemana ku mengadu soal ini"
231,Hendri sabio,1,2022-09-11 18:27:57,"Saya sudah daftar dan giliran mau di buka aplikasinya hanya trtulis hampir selesai,padahal sudah terdaftar di webside,ga jelas aplikasinya.."
232,Mukhamad Umam efendi,1,2022-09-11 14:23:06,Gak berguna gimana cara hapus aplikasi ini tolong kenapa gak bisa di hapus ???? Pemaksaan bangetttt
233,Ria Dara,4,2022-09-11 12:00:14,Kenapaa setiap saya lagi nonton sering berhenti sendiri jadi sngt ganggu bgt
234,Ahmad Saukani,1,2022-09-10 17:42:06,"Aplikasi nya kurang bagus Setiap di Carikan nama movie yg muncul malah yg lain Gak jelas , nyesal udah bayar bulanan"
235,Istiqomah El Fansa,2,2022-09-10 15:37:53,Please netfix tolong perbaiki subtitle utk smart tv kecil amat fontnya
236,Sinthia Thia,4,2022-09-10 15:12:44,Teksnya jangan warna putih donk
237,Mistoyo Toyo,1,2022-09-10 06:20:12,"Susah loginnya email ini salah email itu salah, padahal itu email saya semua,, sorry dg terpaksa saya hapus lagi.. Karena sepertinya,, bukan ngasih jalan keluar dg mudah,, malah ngasih kesulitan,, terimakasih.."
238,Dewi Funizza,1,2022-09-10 00:06:35,Ribet masuk nya udah langganan masih ajjh repot skrg susah masuk
239,Ani Nur,1,2022-09-09 16:29:25,"Susah bgt login y netflix ga kaya aplikasi lain ,,"
240,ë‚˜ë‚˜,1,2022-09-09 14:53:49,"ga bisa dibuka, tolong dong aplikasinya di benerin... saya udah bayar mahalÂ² malah ga bisa di buka aplikasinyağŸ˜­ğŸ˜­ kecewa berat"
241,meliantz 09,3,2022-09-09 13:43:49,"Keluhan saya hanya pada subtitle sering ga keliatan kalo background nya terang karena warna hurufnya putih dan ga pake shadow. Sangat menggangu terutama pas nonton anime, kalo untuk yang lainnya sudah oke. Mohon diperbaiki"
242,Jely Tewu,3,2022-09-09 12:04:33,Banyak Film tidak ada subtitel Indo.. padahal sdh langganan premium
243,Cheste Ray04,1,2022-09-09 00:43:58,sy baru sj mendaftar dan membayar iurannya. tp ketika ingin menonton di minta untuk mendaftar lg... berulang kali sy logout dan log in ttp sj tdk bisa masih ttp di minta untuk mendaftar
244,Natasyah Akserah,1,2022-09-08 20:49:00,Gak bisa daftar nya
245,Achmad Rofiq,5,2022-09-08 15:26:13,"Kalau boleh memberi saran, mungkin untuk subtitle bisa dikasi warna outline seperti hitam agar tetap terlihat saat scene pada acara/film terlalu terang (yang membuat subtitle tidak terlihat). Terima kasih :))"
246,Indri Haryany,5,2022-09-08 14:56:41,Sayang susah banget untuk pembayarannya ğŸ˜­ğŸ˜¢ padahal pengen langganan.
247,Ardiansyah Adam,3,2022-09-08 07:44:35,"Aku kasi bintang tiga saja dulu, masalah nggaj tau kayak gimana aplikasinya"
248,viktor ranggu,5,2022-09-08 00:04:57,Film filmnya keren hanya metode pembayarannya atau berlangganannya harus dipermudah dan bekerjasama dengan bank
249,Rizki Nugraha,1,2022-09-07 18:25:25,Mahaaallll tapi kualitas jelek apalagi subtitle nya ngaco
250,Rahma Wati,1,2022-09-07 14:11:21,"Saya berlanggangan. Menggunakan email pribadi. Keluhan saya adalah ketika saya menggunakan wifi (indiehome) Netflix terus loading ketika memutar video bahkan kadang beranda pun tidak bisa dimuat, halaman depan film atau drama hitam. Tapi ketika saya menggunakan data seluler netflix berjalan lancar. App yg sama tidak ada masalah menggunakan wifi atau data seluler. Ini sangat merugikan saya karena saya sudah berlangganan."
251,The Bob,3,2022-09-07 11:33:39,"Untuk subtitlenya mungkin bisa dikasih outline hitam , jadi biarpun adegan film saat berwarna terang masih kelihatan untuk sub yang warna putih"
252,Sen,1,2022-09-07 01:34:21,Punya website buat apa kalau dibuka mlah di oper mulu ke applikasi netflix?
253,Andre Saragih,1,2022-09-06 18:47:42,"Nipu banget, katanya semua film ada tanpa terbatas. Udah cariÂ²un film yang mau ditonton malah gak ada. Rugi juga bayar 54.000 ..... GAK JELAS BANGET"
254,Suhardi Su,4,2022-09-06 13:54:10,"Apk ny bgs si, cm klw msk tu hrs log-in dlu, kn klw org yg mw cpt"" nntn / yg gbs ngisi ny pusing. Mnrt gw y log-in ny d hps aj, jd gsh pke log-inÂ²an lg. Trs klw udh update it hrsny jd lbh bgs, tp ini udh bgs kok"
255,Sutris Prasetio95,1,2022-09-06 13:43:52,"Kok muter2 ga bisa2 login Uda daftar juga suruh keluar masuk lagi d suruh keluar lgi,gitu2 terus"
256,Zuoran,1,2022-09-06 10:40:40,"Tolong untuk Netflix subtitle-nya lebih baik dikasih shadow aja, masa subtitle kualitas kampungan banget lol cuma warna putih font biasa tanpa shadow, kalo waktu scene yang terang/cahaya putih mah gabakal keliatan itu subtitle. Kirain kualitas subtitle bakalan bagus kayak di trailer-trailernya Netflix, eh ternyata zonk. Satu lagi, kalo opsi ganti resolusi pun gak simple & jelas. Kalo gini mah mending nonton yang ilegal/bajakan, kualitas subtitle dan opsi resolusi lebih mudah, bagus & bervariasi."
257,surya ndut,3,2022-09-06 05:00:36,hasil gambar ok subtitle nya terlalu terang bordir nya gak kelihatan jadi saat baground putih subtitle gak terbaca mohon untuk upgrade berikutnya ad pengaturan subtitle.
258,Sandi,1,2022-09-05 18:28:23,"Warna Subtitlenya jelek, putih doang kaga ada bayangannya, kalo ketemu scene banyak cahaya/putih2 kaga keliatan, kaga kepikiran kah buat subtitle yg pake bayangan? Para pembajak aja udah kepikiran ini dari jaman kapan dah"
259,StuPid Gaming,1,2022-09-05 16:52:35,Apk buruk banget abis update gak bisa daftar
260,Andi Dirgah,5,2022-09-05 12:10:10,"Tolonglah diturunin biaya bulanan, atau kasih promo gitu."
261,Inal Hamzah,5,2022-09-05 10:44:46,"Gambar burik utk mobile, ud setting high resolusi di pengaturan akun ,mentok di SD ,di pemrosesan gambar, padahal hp resolusi full HD, di paket premium, Subtitle putih untuk anime tanpa backgroud samar saat latar putih, jadi tidak terbaca, padahal pengaturan sudah diatur backgroud subtitle hitam"
262,Riky Budiman,2,2022-09-05 09:17:47,Beberapa film textnya bahas tidak terbaca Beberapa film tidak ada translate ke bahasa
263,Abid Firdaus,1,2022-09-05 08:33:13,Apk gj nonton black clover mau dari episode 1 malah langsung 52 cari episode 1 ga ada gembel anj najis
264,Moh. Ikrom,1,2022-09-05 04:04:23,"Seharusnya pihak netflix lebih teliti dan selektif dalam memilih film yang ditayangkan jangan sampai ada unsur penghinaan terhadap agama, semoga menjadi pelajaran."
265,Irvan Syobari,5,2022-09-05 00:59:10,"Aku langganan baru d aplikasi ini, Aku minta tlong d murahkan harga premium diamondnya dan terjangkau oleh semua kalangan usia."
266,Putri Utami,5,2022-09-04 08:05:55,"Alhamdulillah, aku baca ulasan lainnya mengalami kendala dan di hapeku ternyata enggak ada masalah dengan subtitle. Baru aja takut karena aku habis update. Ternyata aku cek masih baik-baik saja semuanya. Aku kasih bintang lima karena Netflix jarang bermasalah selama aku pakai sebulan terakhir. ğŸ‘ğŸ»"
267,Tito Nivia,1,2022-09-04 05:12:42,Tidak bisah koneksi hp ke tv
268,Imelda Nova,5,2022-09-04 05:00:48,Ok punya....semoga kedepannya harga langganannya lebih murah dan lebih bersahabat lagi...ğŸ˜ğŸ˜
269,Jimmy 0hee,1,2022-09-03 16:55:13,"Maaf Netflix saya kasih bintang 1 ya karena aplikasi nya sudah di instal tapi masalah nya kenapa untuk mulai menonton tidak bisa? diminta masukan email sudah saya isi email dan sandi nya tapi tinggal di minta ulang-ulang terus untuk mengisi email dan sandi nya, mohon perhatian nya."
270,Nindy Juwita Erningtiyas,2,2022-09-03 12:17:52,Kenapa susah banget sih mau log in nya? Help
271,Sawitriani,1,2022-09-03 07:53:08,"Sumpah bingung banget sama APK ini,,, udah daftar tapi nggk bisa log in"
272,Kholis Hidayah,1,2022-09-03 04:35:47,Masuk nya susah keluar terus padhl email dan sandi benarğŸ˜¤
273,latiepah nm,3,2022-09-03 02:09:33,subtitle nya berubah ubah masa subtitle gede nya ngehalangin film
274,Horizon 9,2,2022-09-02 19:38:24,Tolong lakukan inovasi yg bagus seperti Disney. Tambahkan variasi menu dgn baik dan indah sehingga pengguna sangat nyaman. Dan juga tambahkan film-film klasik era-noir. Thanks
275,Haswinda Sandra,4,2022-09-02 07:17:01,"Netflix kenapa susah sekali update payment nya, jadi harus batalin keanggotaan terus tiap bulan, baru daftar baru lagi baru bisa dipakai"
276,Bocil Kematian,1,2022-09-02 05:01:51,Subtitle Indonesia tolong sedikit ditambah hitam ya biar keliatan
277,Kyai Haji. Farid Rismawan,1,2022-09-02 01:39:48,Mau menikmati stone ocean dengan normal aja gak bisa gara2 netflix. Yaudahlah lanjut baca manga-nya aja abis cour 2 ini.
278,Repan Lipek,1,2022-09-01 19:03:16,daftar aja nggak tau. apk jelek daftar aja mau pake pulsa. mampus aja yg buat apk ini.taikkkkk taiiii
279,Hendra putra Sinambela,2,2022-09-01 14:44:03,Semua film yg dicari kurang lengkap semua
280,yeshlaw,1,2022-09-01 08:12:46,"saya kira bisa liat-liat dulu dalemnya, ternyata ga bisa. mana ribet banget buat acc dulu trus keluar apk lanjutnya di web. mohon maaf, tidak rekomen."
281,Muhammad Rafli,1,2022-08-31 09:50:02,"Mau liat filmÂ² harus bayar dulu ya? Sayang sih, lebih enak liatÂ² dulu baru nantinya mutusin buat berlangganan atau tidak"
282,Christian Yansen,2,2022-08-30 22:42:30,"setelah update, subtitle menyatu dengan background, waktu memasuki sebuah scene penuh dengan cahaya subtitle nya tidak kelihatan, semoga update kedepannya bisa balik seperti dulu lagi subtitle nya"
283,Junika ika,2,2022-08-30 16:54:44,Appnya error.mau berlangganan susahnya luar biasa
284,Song Dara,2,2022-08-30 16:43:53,"Kenapa tiba2 gabisa dibuka? Stuck di logo netflix, home nya ga muncul2"
285,Mohamad syafrizan Alwi,1,2022-08-30 10:21:42,"Aplikasi buruk,pelit,dan paling ribet cara masuknya,gw saranin ga usah download aplikasi pelit ini nanti nyesel"
286,Jesson Oktafian jayawinata,1,2022-08-30 09:35:41,"Film nya engga seruÂ² semua ketinggalan semua, update cuman sedikit, saya lebih memilih pindah ke Disney hostar lebih murah"
287,Lervia Izzy,1,2022-08-30 07:14:37,Lg enakÂ² ntn ke log out sendiri. Netflix ga jelas
288,LNJ Shopping,3,2022-08-30 04:02:25,"Subtittle nya di bikin warna kuning tebal saja tanpa background, klo warna putih dengan background jd kurang bagus saat menonton jd menutupi gambar dengan background hitam.hayo netflix berikan yg terbaik untuk penonton"
289,Zeneo Aiman,5,2022-08-29 14:01:01,"Bagus banget, tpi knp ya rating nya cuma dikitğŸ˜®â€ğŸ’¨"
290,Anindhitaa L.W,3,2022-08-29 08:45:24,Bagus tetapi film yang bagus jangan dihilangkan. Peter pan saya pernah nonton di netlfix sekarang tida ada.
291,Ayu Savira Maulidina,2,2022-08-28 14:09:20,Ga jelas kadang tiba-tiba ada film yg hilang. Pdhl pernah muncul berkali-kali tapi pas mau ditonton dicari ga ada. Kenapa ya kok gitu?
292,Teuku Arifian,1,2022-08-28 14:02:42,Harga langganan terlalu mahal. Dan filmnya pun jelek'
293,Valentino Hutapea,1,2022-08-28 12:53:19,"Gaya subtitle kualitasnya jelek banget, seperti kualitas kampungan Bagus gak udah dikasih background hitam disesuaikan aja warna fontnya seperti kuning, putih, merah dll. Jadi bisa milih sesuai selera dan kondisi videonya"
294,Refantiya Naurra,1,2022-08-27 14:26:07,Kok ga bisa yaa kak udh aku download trs daftar jg kok masih belum bisa masuk
295,Abdi Derma Saputra,1,2022-08-27 13:39:47,Di batalkan berlangganan pas mau berlangganan lagi malah stuck gabisa
296,Linda Taryuli Sitinjak,1,2022-08-27 05:39:33,"Aplikasi netflix saya tidak bisa dibuka, pdhl sudah di update yg terbaru, konyol bukan"
297,Siti Mai,1,2022-08-27 05:29:12,Sangat buruk tidak bisa di buka dari tadi mencoba masuk suruh masukkan email terus pantas aja banyak yg tidak suka Sama aplikasi ini
298,Ghozi Rohman,5,2022-08-26 20:01:01,"""Tekken : Bloodline"" keren banget, mantappp."
299,Naili muslimah,3,2022-08-26 16:44:03,Gak habis pikir lg. Padahal niatnya mau membayar tagihan bulanan.tp susahnya minta ampun. Padahal udah diikuti petunjuk pembayarannya. Tp ttp gak bs. Lama2 HP kebanting jg ni.
300,Ratna Trissiani,2,2022-08-26 14:54:07,sering eror. kadang film tiba2 banyak yg ilang. itu kenapa sih? aneh banget
301,Dimas Arizatama,2,2022-08-26 14:35:09,"Tadinya bintang 5 , setelah update kenapa gak bisa continue watching di film durasi panjang ?!"
302,Ayu Hanifah,5,2022-08-26 12:20:59,terima kasih untuk 1 thn gratisnya :) -tm
303,Fadhila Rahma Sabrina,3,2022-08-26 08:44:44,"minta tolong buat subtitle nya diperbaiki karena sebelumnya warnanya putih dengan blok hitam tapi sekarang blok hitamnya ga ada, bikin subtitle ga bisa dibaca. subtitle nya pada bermasalah baik ketika nonton drakor bahkan nonton dokumenter"
304,Amar Adelia,1,2022-08-25 16:36:49,Yang lain tidak berbayar. Yang ini berbayar. Lasih bintang 1 biar aplikasi di tutup
305,Gabriel13 Gamerz,1,2022-08-25 15:01:02,"aplikasi jelek, buat login aja susah, udah di daftar tinggal masuk doang ga bisa sandi nya, percuma udh berlangganan"
306,Ferry Yanto,2,2022-08-25 12:48:27,"Ku kasih â˜†2 karena kalo nonton anime apapun subtitle warna putih dan layarnya jyga warna putih hingga subtitlenya jd sulit di baca, tolong di respon masalah ini, jangan mau nya untung aja tapi merugikan netizen yg berlangganan"
307,Christinie Hutasoit,1,2022-08-25 11:59:11,Tolong dong Aplikasinya konsisten. Jangan kayak Aplikasi Sampahh... Kita bayar lohh.. Bukan gratisan... Kecewa... ğŸ˜¡ğŸ˜¡ğŸ˜¡ğŸ˜¡
308,Berastagi Karo,1,2022-08-25 06:40:14,"Udah terdaftar akun gmail nya, eh terlogout sendiri"
309,MQGAME channel,5,2022-08-25 01:42:13,Tolong dong diatasi masalah nge frame dan delay saat memutar video dari segi lain nya udh bagus cuma masalah ini aja yg bikin kesel
310,Gabriel Steven,1,2022-08-24 15:41:28,Aplikasi murahan najiss. Udah bayar masih gak bisa nonton krn bug. Tutup aja semoga bangkrut sampah
311,Fatimah Azzachra,1,2022-08-24 14:14:28,Kenapa saya susah banget mau nonton di netflix dlu ga gini. Harus masuk email dlu dll malah butuh bantuan sama keluar aneh
312,Mela Sari,3,2022-08-24 13:33:31,"Netflix gimana nih, masa saya mau perpanjang langganan lewat DANA ngga bisa siiiih ğŸ˜­ğŸ˜­ğŸ˜­"
313,Arfina 69,1,2022-08-24 09:27:02,Sudah bayar dan saldo kepotong tapi tetap tidak bisa nonton saya merasa di tipu
314,sangadah ukhrowiyah,1,2022-08-24 09:20:22,kenapa punya saya bahasa tulisanya cina.. bagai mana cara ganti ke Indonesia
315,Indah Sri Rezeki,1,2022-08-24 08:26:46,"Apa cma aq yg udah bbrp hari ini netflix gk bisa kebuka, smp uninstal berulang x.. download berulang x tp ttp gk bisa"
316,wenny lestari,1,2022-08-24 07:47:42,"Karena satu dan lain hal saya harus relogin dan ribet sekali. Setelah memasukkan email dan pw, lalu muncul rincian paket dan setelah itu muncul halaman putih dengan tulisan selamat datang kembali dan stuck disitu. Trus mau nonton nya gimana???"
317,Yondri Sangir,4,2022-08-24 05:48:39,"Tolong tayangin film anime ONE PIECE, apalagi kalau sampai nayangin one piece RED, pasti bakalan panyak penonton netflik,. Karna film one piece banyak penggemarnya di indonesia.."
318,RiizzXD,2,2022-08-24 00:55:36,"Streaming mentok kualitas SD,pdhal hp support HD sama FHD,jaringan juga gada masalah"
319,Hann playlist,5,2022-08-23 16:31:06,"Lha kaget knapa netflix ratingnya cuma bintang 2,4 ? Padahal ini yg terbaik daripada aplikasi lainnya. Seriesnya juga bagus2, murah pula"
320,WAWAN ARDIYANSA,1,2022-08-23 11:18:00,Saking gak laku ya ini aplikasi setiap hp selalu ada .. Klau bukan bawaan hp ini aplikasi udah w unistal .. Gak ada guna ya buat w apk ya
321,dita putri,2,2022-08-23 11:08:00,"Netflixnya tbtb gabisa dibuka , udh di update uninstall ttp gbsa dibuka juga Kalo bisa dibuka dan lancar baru diubah ulasannya"
322,lucifer hades,1,2022-08-23 10:52:14,"Tolong netflix fitur game di hapus yg di apk hape, dan perbanyakin film atau series korea/thailand. Dan biaya berlangganan nya tolong di ganti jadi 200rb per tahun, contoh lah viu 200rb per tahun tapi series n film nya bagus2 untuk saat ini saya kasih rating â­ kalo netflix ga mau bikin perubahan."
323,Dian Kartika,4,2022-08-23 07:32:02,"Maaf, klu boleh tlong warna subtitleny yg cma warna putih diganti, karna klu bertabrakan sma background warna putih jdi tdk jelas dan tdk terbaca. Terimakasih"
324,Eka Saptanism,3,2022-08-22 21:34:18,"Mohon perbaiki atau tambah metode pembayaran yg lebih simpel dan mudah, karena gopay dll sering bermasalah saat transaksi"
325,Ajie Surabigaul,5,2022-08-22 14:35:14,"Suka sih bagus, terus keluarin karya terbaru dan aku suka film dokumenter nya sih keren"
326,Yogi Adi Pratama,1,2022-08-22 12:28:17,Aplikasi apa ini mau nonyon aja harus berlangganan percuma kaloa ada kuota tapi gk bisa nonton ğŸ˜ 
327,Lily kurniawan,3,2022-08-22 02:12:18,kenapa netflix saya tidak bisa continue watching? jadi kalau saya buka aplikasi netflixnya filmylnya selalu ngulang lagi dari awal. gimana cara agar bisa continue watchingğŸ˜­
328,M anas Anshori,1,2022-08-22 00:15:01,Ko saya tidak bisa masuk sih kenapa ya aneh email sudah di masukan tetap tidak bisa mohon perbaiki trimakasih
329,Aglee Dzul Akbar,5,2022-08-21 16:56:48,Tolong transpransi fontnya lebih tebal lagi dikarenakan untuk saat ini font terlalu tipis sehingga sulit dibaca pada saat gambarnya putih.
330,Mass Anam,3,2022-08-21 15:53:44,Stuck di 720p walaupun udah di setting di 4k. hp udah L1
331,Alia Aprilia,1,2022-08-21 14:16:54,"lemot, WIFI udah lancar tapi loading terus.mau nonton young woo ni elah, aarrgghhhh"
332,M Budiman,2,2022-08-21 09:00:49,"Halo ini saya kenapa tidak bisa login netflix nya ya,dan ada tulisan diluar jangkauan??"
333,Kurniawan Syahputra,2,2022-08-21 00:52:59,"Cemananya Netflix ni, gak bisa melanjutkan nonton film nya, padahal baru 2 hari saya download aplikasinya dan berlangganan"
334,ALman Maliki,1,2022-08-20 13:00:04,"Saya ingin nonton 3 idiots tapi tidak ada di penelusuran padahal waktu saya melihat di google ada yang bisa ditonton di Netflix, tidak spesial lagi seperti dulu, pengen pindah ke Disney saja.:("
335,Shadow of Light,5,2022-08-20 12:12:25,"Sekarang ada masalah, kenapa sekarang kalau saya keluar dari apk filmnya ga kesimpan, ketika saya masuk lagi di film yg sama, itu di mulai dari awal bukan dari terakhir kali di lihat"
336,Miranda Tirsya,2,2022-08-20 07:40:13,gambar nya kadang ga gerak sesuai audio nya.
337,Nabilaoktyara10,1,2022-08-20 03:19:43,Ini aplikasinya sangat bagus dan bisa nonton banyak Drakor
338,kikie 08,5,2022-08-19 16:23:54,"Bnyk film dan serial yg bgs, suka lost in space, sweet home, stranger things, dll. Saran Film korea dan thailand dibanyakin. Subtitel srkrg ada latar hitamnya kurang enak diliat."
339,Alvina Rachma,5,2022-08-19 08:10:41,Bagus terimakasih sudah menemani hari2 yang membosankan tapi saat ini Netflix saya sedang bermasalah sedikt bisa tolong di bantu tidak terima kasih
340,Hata dopo,2,2022-08-19 05:30:01,Mau tanya..netflix lg eror ya..aku langganan bulanan...ko baru seminggu sidah g bisa lg
341,Danendra Aurellio Dharmawani,5,2022-08-18 14:14:28,"Sangat bagus dari semua nya,tapi kurang di update flim terbaru cuman sangat bagus"
342,Dea yunita,5,2022-08-18 10:40:16,"Terimaksih, dengan ada nya Netflix membantu saya sebagai kaum yg suka nonton.."
343,Karlinda Himawati,3,2022-08-18 10:22:03,"Please deh ah, kalo teksnya itu letaknya disesuaikan dong, kadang fak kebaca, dah teksnya putih pas di scene-nya yg lagi warna putih, emosii lamaÂ²"
344,akumaru,1,2022-08-17 10:59:09,Subtitle menyatu dengan background jdi tidak begitu terlihat dan menjadi sulit untuk dibaca. Membuat penonton menjadi kurang menikmati.
345,Lina Diselmi,4,2022-08-17 06:02:10,"Uda dowload g bsa d buka, di update tetep g bisa di buka, nipu bgt si"
346,Fatur Ryan Maulana,3,2022-08-16 19:25:10,Dari semua kualitas si bagus tapi untuk subtitlenya kurang suka karna ada warna hitam di belakang subtilte mohon untuk subnya bisa diganti biar gak ada warna hitam nya. Subtitle yang berwarna hitam cuma di season terbaru untuk episode/season lama sudah ok. Mohon perbaikan nya supaya gak ada hitam hitam nya di belakang subtitle nya
347,Bram Carella,2,2022-08-16 16:00:25,"Untuk kualitas streaming video ok tidak pernah ada masalah, lancar lancar saja dan bisa 4k di smart tv, tapi untuk tv series amerika/western lama sekali rilis nya, kadang selisih 1 atau 2 hari setelah premiere, dan kadang juga subtitle indonesia nya tidak ada, baru ada subtitle indonesia setelah beberapa hari, dan untuk chat/dm via sosial media tidak pernah di respon, Jadi maaf ga bisa kasih bintang 5"
348,Arya 17,1,2022-08-16 12:41:05,Fitur buat HDnya g bisa padahal hp sy widevinenya sudah L1 tpi di netflixnya malah L3 tll dah
349,Bagas Eryan Bimantoro,5,2022-08-15 17:37:48,Netflix mantap dan kalau bisa text subtitle dikasi border warna hitam agar kalau film yang ditonton memiliki background putih subtitle film tersebut masih mudah di baca
350,Devi Irawan,2,2022-08-15 17:08:49,Aplikasi baru banget di download. Pas mau buka usah disuruh update versi terbaru. Hadeeeeehhhhh wasting time
351,Intan Rensi,4,2022-08-15 14:00:07,"Mau nanya kenapa netflix dihp saya gbisa login ya, eror terus tulisan nya di samsung A72 kartu telkomsel"
352,Supri Susanto,2,2022-08-15 09:23:23,Film film bagus banyak yang masih ga ada subtitel indonesianya.
353,Rahmad Suryadi,2,2022-08-14 18:28:39,"Kenapa setelah Update Ke Versi yang Baru subtitle menjadi ber background, sangat mengganggu"
354,Giovani Alfariiz,4,2022-08-13 16:54:01,Netflix keren . Gara gara Netflix aku sama Vera jadi bisa ktmu lama . Makasih Netflix . Makasih yaaaaaaaaaa
355,Jaza Sila,5,2022-08-13 08:50:33,"Mantap, enak bgt nntn disini. Banyak pilihan film, dan anti buffering"
356,Cahya Wulandari,5,2022-08-13 08:30:49,"film nya pada keren semua sih, apalagi series drakor nya ga ada yang gagal, semuanya bagus banget alur nya, thanks netflix"
357,Jimmy Entertainment,5,2022-08-13 04:05:09,"Aplikasi streaming terbaik. Pada saat pilih film bs lihat secara horisontal, dan koleksi filmnya bagus."
358,Marta Selah,1,2022-08-13 03:22:59,Gak bisa masuk akun padahal pendaftaran sama administrasi nya Uda di bayar.
359,AGlegend,5,2022-08-12 06:37:45,Tempat streaming favorit?? Yaa Netflix dong ğŸ˜ Harga?? Lumayan terjangkau dan tidak untuk di mendang mendingkan ğŸ—¿
360,Hendri usmantri,2,2022-08-12 03:37:16,"tolong dong developersnya,setelah di update versi,tulisan transletnya jangan putih doang,ga ada pinggir hitam,pas jumpa sama"" putih malah kagak nampak subtitlenya"
361,Andi Soetanto,5,2022-08-12 00:45:40,"Tolong dong untuk serial drama kungfu Mandarin seperti the ""long ballad"" dan ""word of honor"" ditambahkan teks/subtitle BHS indonesia"
362,Edo Chipung,4,2022-08-11 12:40:21,"Sederhana. Tetapi bikin tertarik. Itu aja sudah cukup. Harapan nya lebih baik daripada sebelumnya. Film laga Indonesia terkenal semenjak ada NetFlix "" se tau saya. Bukan so tau ^_^"
363,mila sari,1,2022-08-11 04:45:02,"tidak ada pengaturaan berlaganaan, susah sekali 2 kali coba tapi gagal mulu"
364,Ndari Rianti,1,2022-08-10 13:57:50,Aneh banget cari beberapa film ga muncul. Padahal di coba di laptop ada. Udah cek pengaturan tapi ga bermasalah
365,Kevin Adriyan,1,2022-08-10 12:41:16,"Saya belum melihat isi dari aplikasi ini, tapi sudah di haruskan untuk berlangganan saja. Masih lebih baik dysney+"
366,MHA Channel,1,2022-08-10 00:05:36,"Aplikasi ngga bermutu, berbayar tp layanan buruk. Server sering error, terutama pagi hari. Semoga dalam waktu dekat perusahaan ini bangkrut karena netflik meroket ketika covid19, dan saat ini covid19 sudah selesai dan orang2 telah kembali beraktifitas normal."
367,Yuliana Queen,1,2022-08-09 19:37:51,Klo mau nonton hrs berlangganan dulu... Pd hal niat mau lihat2 dulu film nya baru2 semua atau tdk... Mohon diperbaiki spy tnp berlangganan pun bs nonton. Krn klo dpt kuota streaming sia2 klo tdk terpakai buat nonton film.. Jd uninstall deh. Tdk spt apk yg lain msh bs nonton tnp berlangganan tp iklannya yg bnyk... Thx u
368,febrian rinaldy,2,2022-08-09 19:02:18,Subtitle setelah update terbaru mah susah kebaca.. Kalo background warna putih subtitle ga kebaca.. Kecewa
369,Yerry Semba,4,2022-08-09 08:19:28,Kenapa loading terus ni.... Cuman suara doang yg kedengeran... Gambar gk da
370,setya candra,5,2022-08-08 14:05:01,Klo ada yg gratis kenapa harus beli tapi tetep lah aku kasi bintang lima karena banyak film keluaran netflix bagus bagus
371,Lullaby 13,2,2022-08-08 13:48:01,"Pake apps di hp, Subtitle anime nyaru sama film nya jadi susah buat dibaca"
372,drew try,5,2022-08-08 07:40:11,Tolong di tambah opsi aspect ratio. Biar full di layar. Atau tambah opsi fit to screen. Biar puas nonton tanpa ada potongan hitam di tv / smartphone.
373,Cakap Lucu,1,2022-08-08 07:28:58,Kalo mau nonton film aja harus bayar mending gausah nonton aku.. Dan langsung hapus aja aok nya kalo begini caranya.. Mau nyari duit? Emang dari penghasilan download apk gak banyak apa? Masih minta duit lagi dari film.. Legal sih tapi gak suka kalo harus bayar dan cuman bertahan sebulan doang
374,Yesi Ramadhani,1,2022-08-08 01:47:44,"Netflix gak jelas,udah mendaftar email pun gak bisa masuk jg,udah berapa email yg dicoba tapi gak bisa masuk jg,mau masuk ke Netflix aja susah banget,sia sia di download tp gak bisa dibuka,jd di hapus lagi Netflix nya dari hp"
375,Muhammad Rifqi,3,2022-08-07 11:59:37,Apk nya bagus tapi banyak yang subtitle gak ada Indonesia jadi susah saya
376,Achmad Naufal,3,2022-08-07 11:12:20,"semuanya sudah oke, tolong ditambahkan pengaturan untuk ubah ukuran dan warna pada subtittle ya agar lebih memudahkan informasi yg didapat dari subtittle karna sering sekali warnanya sangat samar dengan video"
377,DWI CAHYONO 0604,5,2022-08-07 10:26:13,Aku suka kalo aplikasi ini banyak film2 luar negrinya kayak di Disney+. Sayangnya kalo langganan satu bulan harganya ga lebih murah dari Disney+.
378,Akairo,4,2022-08-07 05:33:38,"Sejauh ini fiturÂ² dan film&anime bagusÂ², tapi ada yg kurang yaitu teks subtitlenya, bisakah teks subtitlenya dibuat color nya jadi putih dan ditambah stroke di text nya bewarna hitam? Agar bisa membaca subtitle dengan jelas karena anime yang saya tonton sekarang susah saya baca subtitle nya yang malah kamuflase dengan animenya"
379,Siti Muthmainnah,4,2022-08-07 04:33:47,"Sejauh ini sudah puas sama pelayanan Netflix, tapi banyak banget yang pengen dibilang dari animenya di versi Inggris Tokyo ghoul re ada sementara di versi indo khususnya untuk pelayanan hape/tab tidak ada Tokyo ghoul re dan anime kakegurui season 1 juga tidak ada padahal sudah ada season 2nya, tolong di perhatikan lagi kelengkapan film atau animenya, Terimakasih."
380,Benta Rohma0304,2,2022-08-07 03:05:58,Terlalu sering memperbaharui..saya tdk pernah memkainya..ttpi sering memperbaharuinya..
381,Bilqis Asyakuru,2,2022-08-07 01:53:27,"Netflix nya jelek banget kalian jangan download sih kata ak mah ngeleg, memori penuh dan ak liat film ada bacaan yang hina nabi Muhammad Saw!! Dan saya ngomentarin nya cukup segitu saja ya, maaf klo Netflix sakit hati saya juga kaget ada film yang kaya gitu, saya ngomen nya segitu saja ya wassalamu'alaikum warahmatullahi wabarokatu ğŸ™ğŸ»â˜ºï¸"
382,Fathir Pradipta,1,2022-08-06 08:45:45,Kenapa ada lambang Allah SWT di lantai di film the umbrella the episode 3 saya tidak suka dengan begini ini sangat tidak bagus di download
383,Beri Sembiring,3,2022-08-06 07:46:30,Mohon bantuan dong App nya tidak bisa ke buka Setelah di klik cuma muncul tampilan awal gambar tulisan netflix nya aja
384,debby mutiara,1,2022-08-06 03:36:46,"Barbie as rapunzel ga bisa diputar, terus mau rekomendasi film kingkong 2005 jg."
385,Dewik Anjani,2,2022-08-06 02:45:32,Tolong benarkan lagi netflix-nya saya pingin masuk ke netflix tidak bisa sudah memasukkan akun dan segalanya tapi tetap saja tidak bisa tolong diperbaiki lagi
386,Danang Agung Kurniawan,1,2022-08-06 01:15:12,Sekarang Netflix gak nyimpan menit dan detik terakhir nonton video sampai mana
387,Utciha Afande,1,2022-08-05 17:25:02,Udh download kok gak bisa d liat ini netplik gmn kali apk y gua udh susuah2 donlod malah gk bisa padhl udh nulis e mail tapi ttp ngbisin kota ajh
388,íŒŒì¼Selenophile,5,2022-08-05 14:30:38,"series originalnya keren-keren, sebanding sama harganya. udah gitu designnya juga mudah buat ditelusuri dan enak dipandang. resolusinya bisa 4K dan lancar banget nontonnya. for your information, netflix ini memang platform berbayar jadi kalau mau cari film free disini ngga ada. soalnya biaya operasionalnya aja ga murah."
389,Novi Yansyah,1,2022-08-05 11:48:54,"Apk tolol, di suruh daftar tapi gk ada tombol daftar, mau masuk malah sandi email salah, padahal sandinya benar, saya login ke XXI, ke joox, ke bstation gk ada tuh salah sandi, kalau mau duit untuk daftar nya tinggal bilang, gk perlu di bikin ribet. Ngotak sikit lah buat apk udah gratisan banyak tingkah"
390,Julian Andhyka,1,2022-08-05 06:06:29,Gabisa masuk terus aneh... Tolong diperbaiki
391,mame magenta,3,2022-08-05 04:59:03,"Kenapa ada beberapa film yg hilang (sebelumnya ada, sekarang sudah gak ada lagi/gak komplit). Twilight saga, terakhir nonton des 2021 masih komplit, skrg agts eclipse dan breaking down tidak ada. Jadi mengurangi keseruan."
392,á´…Éªá´€Ê™ÊŸá´_9,1,2022-08-04 18:21:50,Ah tak kirain free nonton.tahu nya bayar.. Apk sebelah lebih update Gak ribet free no ADS..
393,Abu Rizal,1,2022-08-04 17:08:41,Kok nonton baru dapat 10 min kok gabar GK ada cuma suara dong percuma dong udah bayar
394,Valentino Sinaga,1,2022-08-04 13:50:00,Appalah Netflix ini masa ga bisa masuk uda pake akun email kek koncol
395,andie life is journey,1,2022-08-04 12:58:41,Indo sudah ga bisa buka ya meski pakai vpn juga ga bisa
396,Cah Yadi,3,2022-08-04 10:03:51,"Apa apa ini pas masuk nyuruh masukin akun google dan pas daftar sandi salah Mulu padahal udah di coba beberapa kali, walaupun ku coba dengan ganti sandi akun google dadakan tetep sandi salah Mulu ni programer nya pada ngapain sii"
397,Asep Sikasep,3,2022-08-04 08:56:17,Setelah terakhir update daftar film yang sedang saya tonton jadi hilang semua terus pas di cari lagi ko malah g ada film y
398,Lidya Tjili,3,2022-08-04 01:51:07,"Kenapa sekarang jadi makin aneh, setiap abis pake wifi 1st media, apa yang gua tonton ga bisa play. Sebelumnya baik2 aja. Kenapa sekarang gini ya"
399,Humaira rose permata sari hadayatullah,4,2022-08-03 14:23:14,"Baguss sekali karna mahal wkwk Yg liat bawah Artinya manusia , tpi syng filmÂ² populer yg old lamaÂ² hilang"
